1023624;1026208;1118684;1675354;1894056;1966413;2203561;7777078;7777264;7785259;7785275;7785321;7813091;7839995;7840578;7840811;7879971;7884427;Adresní místa;Adresy;Datum dokončení;Druh svislé nosné konstrukce;EPC regulation;Energy Performance Certificate (EPC);Energy consumption (kWh/m2/a);ID;Katastrální území;Kraj (VÚSC);Kód;Kód vchodu;Městská část/obvod;Non renewable value of energy;ORP;Obec;Obestavěný prostor [m3];Obvod Prahy;Okres;POU;Parcela;Parcela a katastrální území;Podlahová plocha [m2];Počet bytů;Počet podlaží;Počet vchodů;Připojení na kanalizační síť;Připojení na rozvod plynu;Připojení na vodovod;Region soudržnosti;Správní obvod Prahy;Stát;Typ;Vybavení výtahem;Zastavěná plocha [m2];Způsob vytápění;Způsob využití;lat_wgs84;lon_wgs84;x_jtsk;y_jtsk;Část obce;Čísla popisná nebo evidenční
;;;;;;"Základní bodové pole - značka bodu; Značka bodu ZVBP";;;;;;;;;;;;Seznam adresních míst;;26.08.2022;Kámen, cihly, tvárnice vč. kombinací;78/2013 Sb.;B;72;19171439;Černovice;Jihomoravský kraj;Typ;;Brno-Černovice;116;Brno;Brno;1195;;Brno-město;Brno;1542, k.ú. Černovice;1542, k.ú. Černovice 1542, k.ú. Černovice;357;33;6;0;Přípoj na kanalizační síť;Plyn z veřejné sítě;S vodovodem;Jihovýchod;;Česká republika;budova s číslem popisným;Bez výtahu;447;Jiné (i bez topení);bytový dům;49.18545383232825;16.641056243020156;1162078.37;595881.9;Černovice;678
;;;;;;;;;;;;;;;;;;Seznam adresních míst;;21.10.2024;Cihly, tvárnice, cihlové bloky;148/2007 Sb.;B;77;149446993;Slatina;Jihomoravský kraj;;;Brno-Slatina;81;Brno;Brno;2019;;Brno-město;Brno;495/5, k.ú. Slatina;495/5, k.ú. Slatina 495/5, k.ú. Slatina;480;12;3;0;Přípoj na kanalizační síť;Plyn z veřejné sítě;S vodovodem;Jihovýchod;;Česká republika;budova s číslem popisným;Bez výtahu;205;Centrální domovní- zemní plyn;bytový dům;49.18372340620199;16.667224695502554;1162473.59;594005.88;Slatina;1601
;;;;;;;;;;;;;;;;;;Seznam adresních míst;;31.12.2005;Kámen, cihly, tvárnice vč. kombinací;78/2013 Sb.;C;100;19021682;Zábrdovice;Jihomoravský kraj;;;Brno-střed;153;Brno;Brno;;;Brno-město;Brno;661, k.ú. Zábrdovice;661, k.ú. Zábrdovice 661, k.ú. Zábrdovice;;0;4;0;Nezjištěno;Nezjištěno;Nezjištěno;Jihovýchod;;Česká republika;budova s číslem popisným;Bez výtahu;216;Centrální domovní (kotel ve stavbě);víceúčelová stavba;49.1941687408978;16.616521913149167;1160923.1;597555.89;Zábrdovice;279
;;;;;;;;;;;;;;;;;;Seznam adresních míst;;01.12.2022;Cihly, tvárnice, cihlové bloky;78/2013 Sb.;B;119;118378945;Brozany nad Ohří;Ústecký kraj;;;;138;Litoměřice;Brozany nad Ohří;4064;;Litoměřice;Litoměřice;st. 192, k.ú. Brozany nad Ohří;st. 192, k.ú. Brozany nad Ohří st. 192, k.ú. Brozany nad Ohří;350;14;2;0;Přípoj na kanalizační síť;Plyn z veřejné sítě;S vodovodem;Severozápad;;Česká republika;budova s číslem popisným;Bez výtahu;454;Centrální domovní- zemní plyn;bytový dům;50.45443600056663;14.144752672398416;999865.0;756692.5;Brozany nad Ohří;443
;;;;;;;;;;;;;;;;;;Seznam adresních míst;;30.07.2024;Cihly, tvárnice, cihlové bloky;148/2007 Sb.;B;76;148570615;Holešov;Zlínský kraj;;;;90;Holešov;Holešov;3683;;Kroměříž;Holešov;2852/1, k.ú. Holešov;2852/1, k.ú. Holešov 2852/1, k.ú. Holešov;765;7;4;0;Přípoj na kanalizační síť;Plyn z veřejné sítě;S vodovodem;Střední Morava;;Česká republika;budova s číslem popisným;S výtahem;252;Centrální domovní- zemní plyn;bytový dům;49.328025008469;17.56850450357116;1153121.31;527119.53;Holešov;1913
;;;;;;;;;;;;;;;;;;Seznam adresních míst;;26.05.2021;Cihly, tvárnice, cihlové bloky;78/2013 Sb.;B;56;105138606;Holubice;Jihomoravský kraj;;;;73.1;Slavkov u Brna;Holubice;8375;;Vyškov;Slavkov u Brna;886/167, k.ú. Holubice;886/167, k.ú. Holubice 886/167, k.ú. Holubice;1736;30;4;0;Přípoj na kanalizační síť;Plyn z veřejné sítě;S vodovodem;Jihovýchod;;Česká republika;budova s číslem popisným;S výtahem;855;Centrální domovní- zemní plyn;bytový dům;49.17242535662964;16.8187265511052;1164890.62;583155.62;Holubice;418
;;;;;;;;Národní park;;;;"Zóna NP; Zóna soustředěné péče (C)";;;;Ptačí oblast;Evropsky významná lokalita;Seznam adresních míst;;;Nezjištěno;148/2007 Sb.;A;73.2;2309335;Dolní Albeřice;Královéhradecký kraj;Typ;;;;Trutnov;Horní Maršov;;;Trutnov;Svoboda nad Úpou;st. 19, k.ú. Dolní Albeřice;st. 19, k.ú. Dolní Albeřice st. 19, k.ú. Dolní Albeřice;;0;1;0;Nezjištěno;Nezjištěno;Nezjištěno;Severovýchod;;Česká republika;budova s číslem popisným;Nezjištěno;377;Nezjištěno;stavba ubytovacího zařízení;50.683066609005095;15.848059626143685;990173.9;633752.95;Dolní Albeřice;41
;;;;;;;;;;;;;;;;;;Seznam adresních míst;;;;78/2013 Sb.;D;123;54402182;Hradec Králové;Královéhradecký kraj;;;;175;Hradec Králové;Hradec Králové;;;Hradec Králové;Hradec Králové;st. 186, k.ú. Hradec Králové;st. 186, k.ú. Hradec Králové st. 186, k.ú. Hradec Králové;;0;;0;;;;Severovýchod;;Česká republika;budova s číslem popisným;;107;;víceúčelová stavba;50.21004040222016;15.833723300602689;1042309.33;640948.64;Hradec Králové;142
;;;;;;;;;;;;;;;;;;Seznam adresních míst;;07.01.1970;Kámen, cihly, tvárnice vč. kombinací;78/2013 Sb.;E;174;15926451;Hulín;Zlínský kraj;;;;214;Kroměříž;Hulín;10335;;Kroměříž;Hulín;131, k.ú. Hulín;131, k.ú. Hulín 131, k.ú. Hulín;1438;12;3;0;Přípoj na kanalizační síť;Plyn z veřejné sítě;S vodovodem;Střední Morava;;Česká republika;budova s číslem popisným;Bez výtahu;690;Centrální dálkové (kotel mimo stavbu);bytový dům;49.31718997655872;17.466247003026737;1153610.48;534633.9;Hulín;166
;;;;;;;;;;;;;;;;;;Seznam adresních míst;;31.12.1950;Cihly, tvárnice, cihlové bloky;264/2020 Sb.;C;122;23124814;Chomutov I;Ústecký kraj;;;;131;Chomutov;Chomutov;3860;;Chomutov;Chomutov;2300/2, k.ú. Chomutov I;2300/2, k.ú. Chomutov I 2300/2, k.ú. Chomutov I;1329;12;4;0;Přípoj na kanalizační síť;Plyn z veřejné sítě;S vodovodem;Severozápad;;Česká republika;budova s číslem popisným;Bez výtahu;838;Centrální domovní- zemní plyn;bytový dům;50.458047159197086;13.422377358820643;992041.85;807389.0;Chomutov;984
;;;;;;;;;;;;;;;;;;Seznam adresních míst;;24.06.2021;Cihly, tvárnice, cihlové bloky;148/2007 Sb.;B;92;105433608;Ivanovice na Hané;Jihomoravský kraj;;;;;Vyškov;Ivanovice na Hané;13693;;Vyškov;Ivanovice na Hané;1632, k.ú. Ivanovice na Hané;1632, k.ú. Ivanovice na Hané 1632, k.ú. Ivanovice na Hané;3546;40;3;0;Přípoj na kanalizační síť;Plyn z veřejné sítě;S vodovodem;Jihovýchod;;Česká republika;budova s číslem popisným;S výtahem;1335;Centrální domovní- zemní plyn;bytový dům;49.307549702310105;17.09783159267103;1152035.14;561395.1;Ivanovice na Hané;908
;;;;;;;;;;;;;;;;;;Seznam adresních míst;;31.12.1945;Kámen, cihly, tvárnice vč. kombinací;264/2020 Sb.;E;85;20445857;Dvory;Karlovarský kraj;;;;204;Karlovy Vary;Karlovy Vary;;;Karlovy Vary;Karlovy Vary;70, k.ú. Dvory;70, k.ú. Dvory 70, k.ú. Dvory;;6;3;0;Přípoj na kanalizační síť;Plyn z veřejné sítě;S vodovodem;Severozápad;;Česká republika;budova s číslem popisným;Bez výtahu;125;Jiné (i bez topení);objekt k bydlení;50.22814227040473;12.835250769108999;1010896.94;852608.16;Dvory;153
;;;;;"Základní bodové pole - značka bodu; Značka bodu ZVBP";;;;;;;;;;;;;Seznam adresních míst;;31.12.2007;Kámen, cihly, tvárnice vč. kombinací;264/2020 Sb.;G;277;20913095;Kolín;Středočeský kraj;Typ;;;291;Kolín;Kolín;;;Kolín;Kolín;st. 31, k.ú. Kolín;st. 31, k.ú. Kolín st. 31, k.ú. Kolín;;9;3;0;Přípoj na kanalizační síť;Plyn z veřejné sítě;S vodovodem;Střední Čechy;;Česká republika;budova s číslem popisným;Bez výtahu;349;Centrální domovní (kotel ve stavbě);víceúčelová stavba;50.027365473188645;15.2030494640354;1056981.45;688190.36;Kolín I;54
;;;;;;;;;;;;;;;;;;Seznam adresních míst;;01.05.2004;;264/2020 Sb.;B;65;25861107;Kozojedy u Kostelce nad Černými Lesy;Středočeský kraj;;;;74;Říčany;Kozojedy;;;Praha-východ;Kostelec nad Černými lesy;st. 536, k.ú. Kozojedy u Kostelce nad Černými Lesy;st. 536, k.ú. Kozojedy u Kostelce nad Černými Lesy st. 536, k.ú. Kozojedy u Kostelce nad Černými Lesy;;0;;0;;;;Střední Čechy;;Česká republika;budova s číslem popisným;;213;;stavba občanského vybavení;49.99191767864177;14.81029573996481;1057271.43;716614.3;Kozojedy;222
;;;;;;;Ochranné pásmo NP;;;;;;;;;;Evropsky významná lokalita;Seznam adresních míst;;30.06.2021;Cihly, tvárnice, cihlové bloky;78/2013 Sb.;C;97;9831215;Prostřední Lánov;Královéhradecký kraj;Typ;;;165;Vrchlabí;Lánov;4889;;Trutnov;Vrchlabí;st. 261, k.ú. Prostřední Lánov;st. 261, k.ú. Prostřední Lánov st. 261, k.ú. Prostřední Lánov;2224;19;4;0;Přípoj na kanalizační síť;Plyn z veřejné sítě;S vodovodem;Severovýchod;;Česká republika;budova s číslem popisným;Bez výtahu;793;Lokální (kamna nebo jiné topidlo v bytě);bytový dům;50.621063766152126;15.662177452812314;995463.29;647625.27;Prostřední Lánov;77
;;;;;;;;;;;;;;;;;;Seznam adresních míst;;;Cihly, tvárnice, cihlové bloky;78/2013 Sb.;G;196;23381183;Liberec;Liberecký kraj;;;Liberec (nečleněné město);223;Liberec;Liberec;3770;;Liberec;Liberec;175, k.ú. Liberec;175, k.ú. Liberec 175, k.ú. Liberec;833;6;5;0;Přípoj na kanalizační síť;Plyn z veřejné sítě;S vodovodem;Severovýchod;;Česká republika;budova s číslem popisným;Bez výtahu;384;Nezjištěno;bytový dům;50.76923003042014;15.057267660936695;973813.01;687997.54;Liberec II-Nové Město;14
;;;;;;;;;Chráněná krajinná oblast;;;;;"Zóna CHKO; IV. zóna";;;;Seznam adresních míst;;04.11.2020;Kámen, cihly, tvárnice vč. kombinací;78/2013 Sb.;C;88;26198401;Litoměřice;Ústecký kraj;Typ;;;97;Litoměřice;Litoměřice;14613;;Litoměřice;Litoměřice;3421/2, k.ú. Litoměřice;3421/2, k.ú. Litoměřice 3421/2, k.ú. Litoměřice;;47;6;0;Přípoj na kanalizační síť;Bez plynu;S vodovodem;Severozápad;;Česká republika;budova s číslem popisným;S výtahem;1691;Centrální dálkové (kotel mimo stavbu);bytový dům;50.54130941574717;14.132480609607406;990175.27;756201.27;Předměstí;1995
;;;;;;;;;;;;;;;;;;Seznam adresních míst;;17.02.2021;Cihly, tvárnice, cihlové bloky;264/2020 Sb.;A;100;104620501;Bezděčín u Mladé Boleslavi;Středočeský kraj;;;;34;Mladá Boleslav;Mladá Boleslav;6477;;Mladá Boleslav;Mladá Boleslav;289/208, k.ú. Bezděčín u Mladé Boleslavi;289/208, k.ú. Bezděčín u Mladé Boleslavi 289/208, k.ú. Bezděčín u Mladé Boleslavi;1565;19;3;0;Přípoj na kanalizační síť;Plyn z veřejné sítě;S vodovodem;Střední Čechy;;Česká republika;budova s číslem popisným;S výtahem;602;Centrální domovní- zemní plyn;bytový dům;50.39937920796114;14.903326299254358;1013206.71;704112.02;Bezděčín;160
;;;;;;;;;;;;;;;;;;Seznam adresních míst;;17.02.2021;Cihly, tvárnice, cihlové bloky;264/2020 Sb.;A;100;104447605;Bezděčín u Mladé Boleslavi;Středočeský kraj;;;;34;Mladá Boleslav;Mladá Boleslav;10019;;Mladá Boleslav;Mladá Boleslav;289/209, k.ú. Bezděčín u Mladé Boleslavi;289/209, k.ú. Bezděčín u Mladé Boleslavi 289/209, k.ú. Bezděčín u Mladé Boleslavi;2891;21;4;0;Přípoj na kanalizační síť;Plyn z veřejné sítě;S vodovodem;Střední Čechy;;Česká republika;budova s číslem popisným;S výtahem;789;Centrální domovní- zemní plyn;bytový dům;50.39940410696746;14.904169207509682;1013211.75;704052.24;Bezděčín;161
;;;;;;;;;;;;;;;;;;Seznam adresních míst;;31.12.1919;Kámen, cihly, tvárnice vč. kombinací;78/2013 Sb.;B;127;22934049;Nová Ulice;Olomoucký kraj;;;;233;Olomouc;Olomouc;;;Olomouc;Olomouc;st. 181, k.ú. Nová Ulice;st. 181, k.ú. Nová Ulice st. 181, k.ú. Nová Ulice;;6;5;0;Přípoj na kanalizační síť;Plyn z veřejné sítě;S vodovodem;Střední Morava;;Česká republika;budova s číslem popisným;Bez výtahu;200;Centrální domovní (kotel ve stavbě);bytový dům;49.594666041724366;17.239304542576825;1121292.69;547992.51;Nová Ulice;147
;;;;;;;;;;;;;;;;;;Seznam adresních míst;;31.12.1919;Cihly, tvárnice, cihlové bloky;264/2020 Sb.;C;137;22955241;Olomouc-město;Olomoucký kraj;;;;107;Olomouc;Olomouc;6459;;Olomouc;Olomouc;st. 855, k.ú. Olomouc-město;st. 855, k.ú. Olomouc-město st. 855, k.ú. Olomouc-město;2153;29;7;0;Přípoj na kanalizační síť;Plyn z veřejné sítě;S vodovodem;Střední Morava;;Česká republika;budova s číslem popisným;S výtahem;459;Centrální domovní (kotel ve stavbě);bytový dům;49.59069471026902;17.248844784098637;1121800.55;547349.98;Olomouc;676
CHLÚ;CHLÚ;;;;;;;;;;;;;;;;;Seznam adresních míst;;;Kámen a cihly;78/2013 Sb.;D;129.5;3183394;Slezská Ostrava;Moravskoslezský kraj;Typ;;Slezská Ostrava;162.1;Ostrava;Ostrava;;;Ostrava-město;Ostrava;1276, k.ú. Slezská Ostrava;1276, k.ú. Slezská Ostrava 1276, k.ú. Slezská Ostrava;;3;1;0;Přípoj na kanalizační síť;Plyn z veřejné sítě;S vodovodem;Moravskoslezsko;;Česká republika;budova s číslem popisným;Bez výtahu;557;Centrální domovní (kotel ve stavbě);bytový dům;49.83939693914409;18.296502331013183;1101222.18;469568.48;Slezská Ostrava;279
;;;;;;;;;;;;;;;;;;Seznam adresních míst;;11.12.2019;Kámen a cihly;78/2013 Sb.;B;96;5489032;Písek;Jihočeský kraj;;;;120;Písek;Písek;;;Písek;Písek;st. 190, k.ú. Písek;st. 190, k.ú. Písek st. 190, k.ú. Písek;;7;4;0;Přípoj na kanalizační síť;Plyn z veřejné sítě;S vodovodem;Jihozápad;;Česká republika;budova s číslem popisným;Bez výtahu;344;Centrální domovní (kotel ve stavbě);bytový dům;49.306379773289905;14.147965729065412;1126324.73;774334.2;Vnitřní Město;144
;;;;;;;;;;;;;;;;;;Seznam adresních míst;;31.12.1919;Kámen, cihly, tvárnice vč. kombinací;264/2020 Sb.;G;213;24080837;Plzeň;Plzeňský kraj;;;Plzeň 2-Slovany;337;Plzeň;Plzeň;;;Plzeň-město;Plzeň;1023, k.ú. Plzeň;1023, k.ú. Plzeň 1023, k.ú. Plzeň;;13;3;0;Přípoj na kanalizační síť;Plyn z veřejné sítě;S vodovodem;Jihozápad;;Česká republika;budova s číslem popisným;Bez výtahu;395;Jiné (i bez topení);bytový dům;49.74106930285056;13.38838991379297;1070521.2;821737.13;Východní Předměstí;553
;;;;;;;;;;;;;;;;;;Seznam adresních míst;;31.12.1945;Kámen, cihly, tvárnice vč. kombinací;264/2020 Sb.;G;317;18194443;Poděbrady;Středočeský kraj;;;;389;Poděbrady;Poděbrady;;;Nymburk;Poděbrady;st. 1507, k.ú. Poděbrady;st. 1507, k.ú. Poděbrady st. 1507, k.ú. Poděbrady;;7;3;0;Přípoj na kanalizační síť;Plyn z veřejné sítě;S vodovodem;Střední Čechy;;Česká republika;budova s číslem popisným;Bez výtahu;233;Lokální (kamna nebo jiné topidlo v bytě);objekt k bydlení;50.1474685905807;15.117371066387257;1042954.78;692581.72;Poděbrady II;424
;;;;;;;;;;;;;;;;;;Seznam adresních míst;;14.10.2022;Cihly, tvárnice, cihlové bloky;78/2013 Sb.;B;74;117108235;Pohořelice nad Jihlavou;Jihomoravský kraj;;;;90;Pohořelice;Pohořelice;4476;;Brno-venkov;Pohořelice;157/1, k.ú. Pohořelice nad Jihlavou;157/1, k.ú. Pohořelice nad Jihlavou 157/1, k.ú. Pohořelice nad Jihlavou;1370;13;4;0;Přípoj na kanalizační síť;Plyn z veřejné sítě;S vodovodem;Jihovýchod;;Česká republika;budova s číslem popisným;Bez výtahu;403;Centrální domovní- zemní plyn;bytový dům;48.98027854942627;16.517533006508902;1183788.42;607312.42;Pohořelice;1514
;;;;;;;;;;;;;;;;;;Seznam adresních míst;;11.05.2023;Cihly, tvárnice, cihlové bloky;78/2013 Sb.;B;96;120486717;Smíchov;Hlavní město Praha;;;Praha 5;121;Hlavní město Praha;Praha;10700;Praha 5;;Hlavní město Praha;1285/1, k.ú. Smíchov;1285/1, k.ú. Smíchov 1285/1, k.ú. Smíchov;1780;22;6;0;Přípoj na kanalizační síť;Plyn z veřejné sítě;S vodovodem;Praha;Praha 5;Česká republika;budova s číslem popisným;S výtahem;837;Centrální domovní- zemní plyn;bytový dům;50.060714343346504;14.401834787846308;1045770.62;744592.61;Smíchov;3383
;;;;;;;;;;;;;;;;;;Seznam adresních míst;;31.12.1945;Kámen, cihly, tvárnice vč. kombinací;264/2020 Sb.;E;146;21772941;Michle;Hlavní město Praha;;;Praha 4;164.7;Hlavní město Praha;Praha;;Praha 4;;Hlavní město Praha;1515, k.ú. Michle;1515, k.ú. Michle 1515, k.ú. Michle;;5;3;0;Přípoj na kanalizační síť;Plyn z veřejné sítě;S vodovodem;Praha;Praha 4;Česká republika;budova s číslem popisným;Bez výtahu;145;Centrální domovní (kotel ve stavbě);bytový dům;50.05161703708251;14.459916811395182;1047339.44;740610.18;Michle;1081
;;;;;;;;;;;;;;;;;;Seznam adresních míst;;31.12.1919;Kámen, cihly, tvárnice vč. kombinací;78/2013 Sb.;D;110;21765952;Michle;Hlavní město Praha;;;Praha 4;129;Hlavní město Praha;Praha;;Praha 4;;Hlavní město Praha;1057, k.ú. Michle;1057, k.ú. Michle 1057, k.ú. Michle;;16;5;0;Přípoj na kanalizační síť;Plyn z veřejné sítě;S vodovodem;Praha;Praha 4;Česká republika;budova s číslem popisným;Bez výtahu;222;Jiné (i bez topení);bytový dům;50.057669014039185;14.452081289417107;1046596.35;741074.61;Michle;128
;;;;;;;;;;;;;;;;;;Seznam adresních míst;;31.12.1919;Kámen, cihly, tvárnice vč. kombinací;264/2020 Sb.;D;178.3;21678341;Vinohrady;Hlavní město Praha;;;Praha 2;188.5;Hlavní město Praha;Praha;;Praha 2;;Hlavní město Praha;958, k.ú. Vinohrady;958, k.ú. Vinohrady 958, k.ú. Vinohrady;;8;6;0;Přípoj na kanalizační síť;Plyn z veřejné sítě;S vodovodem;Praha;Praha 2;Česká republika;budova s číslem popisným;S výtahem;287;Centrální domovní (kotel ve stavbě);bytový dům;50.071409911286764;14.434174852220693;1044907.9;742136.77;Vinohrady;319
;;;;;;;;;;;;;;;;;;Seznam adresních míst;;31.12.1945;Kámen, cihly, tvárnice vč. kombinací;264/2020 Sb.;D;109;21911339;Smíchov;Hlavní město Praha;;;Praha 5;107;Hlavní město Praha;Praha;;Praha 5;;Hlavní město Praha;3030, k.ú. Smíchov;3030, k.ú. Smíchov 3030, k.ú. Smíchov;;5;4;0;Přípoj na kanalizační síť;Plyn z veřejné sítě;S vodovodem;Praha;Praha 5;Česká republika;budova s číslem popisným;Bez výtahu;284;Jiné (i bez topení);bytový dům;50.077630587302956;14.403987590306054;1043927.87;744183.0;Smíchov;9
;;;;;;;;;;;;;;;;;;Seznam adresních míst;;31.12.1919;Kámen, cihly, tvárnice vč. kombinací;264/2020 Sb.;D;177;21690910;Nusle;Hlavní město Praha;;;Praha 2;160;Hlavní město Praha;Praha;;Praha 2;;Hlavní město Praha;1252, k.ú. Nusle;1252, k.ú. Nusle 1252, k.ú. Nusle;;8;4;0;Přípoj na kanalizační síť;Plyn z veřejné sítě;S vodovodem;Praha;Praha 2;Česká republika;budova s číslem popisným;Bez výtahu;144;Centrální dálkové (kotel mimo stavbu);bytový dům;50.06494815073411;14.431862304956649;1045597.34;742398.64;Nusle;180
;;;;;;;;;;;;;;;;;;Seznam adresních míst;;31.12.1919;Kámen, cihly, tvárnice vč. kombinací;148/2007 Sb.;D;138;21943478;Košíře;Hlavní město Praha;;;Praha 5;146;Hlavní město Praha;Praha;;Praha 5;;Hlavní město Praha;1335, k.ú. Košíře;1335, k.ú. Košíře 1335, k.ú. Košíře;;15;5;0;Přípoj na kanalizační síť;Plyn z veřejné sítě;S vodovodem;Praha;Praha 5;Česká republika;budova s číslem popisným;Bez výtahu;240;Lokální (kamna nebo jiné topidlo v bytě);bytový dům;50.071522488071906;14.387775120982656;1044442.25;745425.41;Košíře;280
;;;;;;;;;;;;;;;;;;Seznam adresních míst;;31.12.1945;Kámen, cihly, tvárnice vč. kombinací;78/2013 Sb.;C;125;21960186;Motol;Hlavní město Praha;;;Praha 5;150;Hlavní město Praha;Praha;Nezjištěno;Praha 5;;Hlavní město Praha;133, k.ú. Motol;133, k.ú. Motol 133, k.ú. Motol;Nezjištěno;4;4;0;Přípoj na kanalizační síť;Bez plynu;S vodovodem;Praha;Praha 5;Česká republika;budova s číslem popisným;Bez výtahu;135;Jiné (i bez topení);bytový dům;50.06977813084979;14.340488509729918;1044170.41;748805.01;Motol;157
;;;;;;;;;;;;;;;;;;Seznam adresních míst;;31.12.1945;Kámen, cihly, tvárnice vč. kombinací;78/2013 Sb.;E;214;22244379;Vysočany;Hlavní město Praha;;;Praha 9;414;Hlavní město Praha;Praha;;Praha 9;;Hlavní město Praha;775, k.ú. Vysočany;775, k.ú. Vysočany 775, k.ú. Vysočany;;6;5;0;Přípoj na kanalizační síť;Plyn z veřejné sítě;S vodovodem;Praha;Praha 9;Česká republika;budova s číslem popisným;Bez výtahu;174;Lokální (kamna nebo jiné topidlo v bytě);objekt k bydlení;50.10022704498469;14.488443487697188;1042259.9;737853.97;Vysočany;553
;;;;;;;;;;;;;;;;;;Seznam adresních míst;;03.10.2022;Cihly, tvárnice, cihlové bloky;264/2020 Sb.;C;82;21897166;Malá Strana;Hlavní město Praha;;;Praha 5;96;Hlavní město Praha;Praha;14785;Praha 5;;Hlavní město Praha;836, k.ú. Malá Strana;836, k.ú. Malá Strana 836, k.ú. Malá Strana;3294;19;8;0;Přípoj na kanalizační síť;Plyn z veřejné sítě;S vodovodem;Praha;Praha 5;Česká republika;budova s číslem popisným;Nezjištěno;616;Centrální domovní (kotel ve stavbě);bytový dům;50.08020269714576;14.405632115880364;1043660.55;744027.34;Malá Strana;585
;;;;"Základní bodové pole - značka bodu; Značka bodu ZVBP";;;;;;;;;;;;;;Seznam adresních míst;;31.12.1919;Kámen, cihly, tvárnice vč. kombinací;78/2013 Sb.;D;120;21688354;Vinohrady;Hlavní město Praha;Typ;;Praha 2;139;Hlavní město Praha;Praha;;Praha 2;;Hlavní město Praha;2406, k.ú. Vinohrady;2406, k.ú. Vinohrady 2406, k.ú. Vinohrady;;24;5;0;Přípoj na kanalizační síť;Plyn z veřejné sítě;S vodovodem;Praha;Praha 2;Česká republika;budova s číslem popisným;Bez výtahu;445;Jiné (i bez topení);bytový dům;50.07892233762791;14.446598463075613;1044201.14;741142.1;Vinohrady;1618
;;;;;;;;;;;;;;;;;;Seznam adresních míst;;31.12.1871;Kámen a cihly;264/2020 Sb.;C;90;22214461;Karlín;Hlavní město Praha;;;Praha 8;100;Hlavní město Praha;Praha;3069;Praha 8;;Hlavní město Praha;38, k.ú. Karlín;38, k.ú. Karlín 38, k.ú. Karlín;1016;17;7;0;Přípoj na kanalizační síť;Plyn z veřejné sítě;S vodovodem;Praha;Praha 8;Česká republika;budova s číslem popisným;S výtahem;279;Centrální dálkové- zemní plyn;bytový dům;50.090898085995676;14.44573568683553;1042873.17;741022.13;Karlín;265
;;;;;;;;;;;;;;;;;;Seznam adresních míst;;31.12.1919;Kámen, cihly, tvárnice vč. kombinací;148/2007 Sb.;D;138;22138439;Holešovice;Hlavní město Praha;;;Praha 7;139;Hlavní město Praha;Praha;;Praha 7;;Hlavní město Praha;1020/2, k.ú. Holešovice;1020/2, k.ú. Holešovice 1020/2, k.ú. Holešovice;;8;4;0;Přípoj na kanalizační síť;Plyn z veřejné sítě;S vodovodem;Praha;Praha 7;Česká republika;budova s číslem popisným;S výtahem;440;Lokální (kamna nebo jiné topidlo v bytě);bytový dům;50.102049675756064;14.451325960980233;1041698.78;740457.25;Holešovice;453
;;;;;;;;;;;;;;;;;;Seznam adresních míst;;31.12.1919;Kámen, cihly, tvárnice vč. kombinací;264/2020 Sb.;C;87;21720177;Vinohrady;Hlavní město Praha;;;Praha 3;96;Hlavní město Praha;Praha;8201;Praha 3;;Hlavní město Praha;2559, k.ú. Vinohrady;2559, k.ú. Vinohrady 2559, k.ú. Vinohrady;1775;27;8;0;Přípoj na kanalizační síť;Plyn z veřejné sítě;S vodovodem;Praha;Praha 3;Česká republika;budova s číslem popisným;S výtahem;305;Centrální domovní (kotel ve stavbě);bytový dům;50.07898214431075;14.453113398701236;1044257.94;740679.24;Vinohrady;1610
;;;;;;;;;;;;;;;;;;Seznam adresních míst;;31.12.1960;Kámen, cihly, tvárnice vč. kombinací;78/2013 Sb.;C;103;7544197;Rybitví;Pardubický kraj;;;;111;Pardubice;Rybitví;;;Pardubice;Lázně Bohdaneč;st. 380, k.ú. Rybitví;st. 380, k.ú. Rybitví st. 380, k.ú. Rybitví;;1;3;0;Přípoj na kanalizační síť;Plyn z veřejné sítě;S vodovodem;Severovýchod;;Česká republika;budova s číslem popisným;Bez výtahu;376;Centrální domovní (kotel ve stavbě);objekt k bydlení;50.05833069000856;15.700339129575392;1057934.17;652417.63;Rybitví;144
;;"Základní bodové pole - značka bodu; Značka bodu ZPBP";;;;;;;;;;;;;;;;Seznam adresních míst;;18.10.1990;Stěnové panely;78/2013 Sb.;D;71;22266542;Černý Most;Hlavní město Praha;Typ;;Praha 14;79;Hlavní město Praha;Praha;11124;Praha 9;;Hlavní město Praha;221/221, k.ú. Černý Most;221/221, k.ú. Černý Most 221/221, k.ú. Černý Most;290;35;1;0;Přípoj na kanalizační síť;Bez plynu;S vodovodem;Praha;Praha 14;Česká republika;budova s číslem popisným;S výtahem;309;Centrální dálkové (kotel mimo stavbu);bytový dům;50.10597282765169;14.569974819784104;1042413.46;731988.66;Černý Most;965
;;;;;;;;;;;;;;;;;;Seznam adresních míst;;18.10.1990;Stěnové panely;78/2013 Sb.;D;71;22266551;Černý Most;Hlavní město Praha;;;Praha 14;79;Hlavní město Praha;Praha;11124;Praha 9;;Hlavní město Praha;221/222, k.ú. Černý Most;221/222, k.ú. Černý Most 221/222, k.ú. Černý Most;380;35;1;0;Přípoj na kanalizační síť;Plyn z veřejné sítě;S vodovodem;Praha;Praha 14;Česká republika;budova s číslem popisným;S výtahem;309;Centrální dálkové (kotel mimo stavbu);bytový dům;50.10593494331806;14.569690212057187;1042414.9;732009.4;Černý Most;966
;;;;;;;;;;;;;;;;;;Seznam adresních míst;;31.12.1919;Cihly, tvárnice, cihlové bloky;148/2007 Sb.;C;103;23888091;Vsetín;Zlínský kraj;;;;141;Vsetín;Vsetín;1200;;Vsetín;Vsetín;2756, k.ú. Vsetín;2756, k.ú. Vsetín 2756, k.ú. Vsetín;490;5;3;0;Přípoj na kanalizační síť;Plyn z veřejné sítě;S vodovodem;Střední Morava;;Česká republika;budova s číslem popisným;Bez výtahu;184;Centrální domovní (kotel ve stavbě);bytový dům;49.339223410136654;17.993407167753904;1154724.99;496256.0;Vsetín;339
;;;;;;;;;;;;;;;;;;Seznam adresních míst;Květinková 348/6;31.12.1990;Stěnové panely;;D;;21695253;Žižkov;Hlavní město Praha;;293750;Praha 3;;Hlavní město Praha;Praha;34371;Praha 3;;Hlavní město Praha;3100/11, k.ú. Žižkov;3100/11, k.ú. Žižkov 3100/11, k.ú. Žižkov;11457;15;8;6;Přípoj na kanalizační síť;Bez plynu;S vodovodem;Praha;Praha 3;Česká republika;budova s číslem popisným;S výtahem;2196;Centrální dálkové (kotel mimo stavbu);bytový dům;50.08938069459848;14.488243924724024;1043453.19;738031.5;Žižkov;345, 346, 348, 349, 417, 418
;;;;;;;;;;;;;;;;;;Seznam adresních míst;;31.12.1990;Stěnové panely;;D;;21695661;Žižkov;Hlavní město Praha;;;Praha 3;;Hlavní město Praha;Praha;;Praha 3;;Hlavní město Praha;2931/250, k.ú. Žižkov;2931/250, k.ú. Žižkov 2931/250, k.ú. Žižkov;;35;12;0;Přípoj na kanalizační síť;Bez plynu;S vodovodem;Praha;Praha 3;Česká republika;budova s číslem popisným;S výtahem;291;Centrální dálkové (kotel mimo stavbu);bytový dům;50.08910230716655;14.493653464837084;1043536.28;737652.17;Žižkov;397
;;;;;;;;;;;;;;;;;;Seznam adresních míst;;31.12.1919;Kámen, cihly, tvárnice vč. kombinací;;C;;21697434;Žižkov;Hlavní město Praha;;;Praha 3;;Hlavní město Praha;Praha;;Praha 3;;Hlavní město Praha;140, k.ú. Žižkov;140, k.ú. Žižkov 140, k.ú. Žižkov;;15;4;0;Přípoj na kanalizační síť;Plyn z veřejné sítě;S vodovodem;Praha;Praha 3;Česká republika;budova s číslem popisným;Bez výtahu;220;Lokální (kamna nebo jiné topidlo v bytě);bytový dům;50.083507484738774;14.446364617382692;1043693.64;741089.33;Žižkov;602
;;;;;;;;;;;;;;;;;;Seznam adresních míst;;31.12.1919;Kámen, cihly, tvárnice vč. kombinací;;G;;21697523;Žižkov;Hlavní město Praha;;;Praha 3;;Hlavní město Praha;Praha;;Praha 3;;Hlavní město Praha;1024, k.ú. Žižkov;1024, k.ú. Žižkov 1024, k.ú. Žižkov;;17;5;0;Přípoj na kanalizační síť;Plyn z veřejné sítě;S vodovodem;Praha;Praha 3;Česká republika;budova s číslem popisným;Bez výtahu;296;Centrální domovní (kotel ve stavbě);objekt k bydlení;50.0834381678176;14.453917703066278;1043774.76;740554.86;Žižkov;611
;;;;;;;;;;;;;;;;;;Seznam adresních míst;;31.12.1919;Kámen, cihly, tvárnice vč. kombinací;;G;;21697736;Žižkov;Hlavní město Praha;;;Praha 3;;Hlavní město Praha;Praha;;Praha 3;;Hlavní město Praha;246, k.ú. Žižkov;246, k.ú. Žižkov 246, k.ú. Žižkov;;10;5;0;Přípoj na kanalizační síť;Plyn z veřejné sítě;S vodovodem;Praha;Praha 3;Česká republika;budova s číslem popisným;Bez výtahu;157;Lokální (kamna nebo jiné topidlo v bytě);bytový dům;50.08536176772647;14.44766640890008;1043501.99;740968.99;Žižkov;632
;;;;;;;;;;;;;;;;;;Seznam adresních míst;;31.12.1919;Kámen, cihly, tvárnice vč. kombinací;;G;;21699046;Žižkov;Hlavní město Praha;;;Praha 3;;Hlavní město Praha;Praha;;Praha 3;;Hlavní město Praha;1106, k.ú. Žižkov;1106, k.ú. Žižkov 1106, k.ú. Žižkov;;8;5;0;Přípoj na kanalizační síť;Plyn z veřejné sítě;S vodovodem;Praha;Praha 3;Česká republika;budova s číslem popisným;Bez výtahu;213;Lokální (kamna nebo jiné topidlo v bytě);objekt k bydlení;50.083353835310895;14.450787912281656;1043753.61;740778.04;Žižkov;774
;;;;;;;;;;;;;;;;;;Seznam adresních míst;;31.12.1919;Kámen, cihly, tvárnice vč. kombinací;;B;;21700249;Žižkov;Hlavní město Praha;;;Praha 3;;Hlavní město Praha;Praha;;Praha 3;;Hlavní město Praha;177, k.ú. Žižkov;177, k.ú. Žižkov 177, k.ú. Žižkov;;24;6;0;Přípoj na kanalizační síť;Plyn z veřejné sítě;S vodovodem;Praha;Praha 3;Česká republika;budova s číslem popisným;S výtahem;324;Centrální domovní (kotel ve stavbě);bytový dům;50.08577950871665;14.440752409605999;1043388.66;741452.85;Žižkov;908
;;;;;;;;;;;;;;;;;;Seznam adresních míst;;31.12.1919;Kámen, cihly, tvárnice vč. kombinací;;G;;21700508;Žižkov;Hlavní město Praha;;;Praha 3;;Hlavní město Praha;Praha;;Praha 3;;Hlavní město Praha;381, k.ú. Žižkov;381, k.ú. Žižkov 381, k.ú. Žižkov;;25;9;0;Přípoj na kanalizační síť;Plyn z veřejné sítě;S vodovodem;Praha;Praha 3;Česká republika;budova s číslem popisným;Bez výtahu;217;Centrální domovní (kotel ve stavbě);bytový dům;50.08649126729828;14.444423164113115;1043345.97;741181.84;Žižkov;937
;;;;;;;;;;;;;;;;;;Seznam adresních míst;;31.12.1945;Kámen, cihly, tvárnice vč. kombinací;;F;;21703787;Žižkov;Hlavní město Praha;;;Praha 3;;Hlavní město Praha;Praha;;Praha 3;;Hlavní město Praha;2056, k.ú. Žižkov;2056, k.ú. Žižkov 2056, k.ú. Žižkov;;42;7;0;Přípoj na kanalizační síť;Plyn z veřejné sítě;S vodovodem;Praha;Praha 3;Česká republika;budova s číslem popisným;Bez výtahu;446;Lokální (kamna nebo jiné topidlo v bytě);bytový dům;50.08822712489047;14.465026831049522;1043355.04;739694.9;Žižkov;1291
;;;;;;;;;;;;;;;;;;Seznam adresních míst;;31.12.1945;Kámen, cihly, tvárnice vč. kombinací;;E;;21707499;Žižkov;Hlavní město Praha;;;Praha 3;;Hlavní město Praha;Praha;;Praha 3;;Hlavní město Praha;1625, k.ú. Žižkov;1625, k.ú. Žižkov 1625, k.ú. Žižkov;;35;7;0;Přípoj na kanalizační síť;Plyn z veřejné sítě;S vodovodem;Praha;Praha 3;Česká republika;budova s číslem popisným;S výtahem;391;Lokální (kamna nebo jiné topidlo v bytě);bytový dům;50.0797342363325;14.459120461932557;1044233.48;740241.93;Žižkov;1670
;;;;;;;;;;;;;;;;;;Seznam adresních míst;;31.12.1945;Kámen, cihly, tvárnice vč. kombinací;;D;;21708584;Žižkov;Hlavní město Praha;;;Praha 3;;Hlavní město Praha;Praha;;Praha 3;;Hlavní město Praha;1253/1, k.ú. Žižkov;1253/1, k.ú. Žižkov 1253/1, k.ú. Žižkov;;17;7;0;Přípoj na kanalizační síť;Plyn z veřejné sítě;S vodovodem;Praha;Praha 3;Česká republika;budova s číslem popisným;S výtahem;243;Lokální (kamna nebo jiné topidlo v bytě);objekt k bydlení;50.08221540384373;14.448427928164737;1043856.09;740962.58;Žižkov;1779
;;;;;;;;;;;;;;;;;;Seznam adresních míst;;31.12.1945;Kámen, cihly, tvárnice vč. kombinací;;D;;21713502;Žižkov;Hlavní město Praha;;;Praha 3;;Hlavní město Praha;Praha;;Praha 3;;Hlavní město Praha;2575, k.ú. Žižkov;2575, k.ú. Žižkov 2575, k.ú. Žižkov;;2;2;0;Přípoj na kanalizační síť;Plyn z veřejné sítě;S vodovodem;Praha;Praha 3;Česká republika;budova s číslem popisným;Bez výtahu;95;Lokální (kamna nebo jiné topidlo v bytě);objekt k bydlení;50.09467216712485;14.484667642535795;1042835.43;738205.31;Žižkov;2311
;;;;;;;;;;;;;;;;;;Seznam adresních míst;Jičínská 2736/41;10.10.1932;;;C;;21717672;Žižkov;Hlavní město Praha;;4205;Praha 3;;Hlavní město Praha;Praha;;Praha 3;;Hlavní město Praha;1639/1, k.ú. Žižkov;1639/1, k.ú. Žižkov 1639/1, k.ú. Žižkov;;20;9;2;;Plyn z veřejné sítě;S vodovodem;Praha;Praha 3;Česká republika;budova s číslem popisným;S výtahem;483;Lokální (kamna nebo jiné topidlo v bytě);bytový dům;50.0808498260755;14.45953365099256;1044114.57;740195.78;Žižkov;1797, 2736
;;;;;;;;;;;;;;;;;;Seznam adresních míst;Rochovská 760/7;31.12.1990;Stěnové panely;;B;;22261338;Hloubětín;Hlavní město Praha;;4594;Praha 14;;Hlavní město Praha;Praha;;Praha 9;;Hlavní město Praha;566/11, k.ú. Hloubětín;566/11, k.ú. Hloubětín 566/11, k.ú. Hloubětín;;27;1;5;Přípoj na kanalizační síť;Plyn z veřejné sítě;S vodovodem;Praha;Praha 14;Česká republika;budova s číslem popisným;S výtahem;1445;Centrální dálkové (kotel mimo stavbu);bytový dům;50.10545556580868;14.54768817961662;1042256.04;733576.12;Hloubětín;759, 760, 761, 762, 763
;;;;;;;;;;;;;;;;;;Seznam adresních míst;V třešňovce 419/9;10.04.2024;Monolit;;B;;147835933;Hrdlořezy;Hlavní město Praha;;398490;Praha 9;;Hlavní město Praha;Praha;109955;Praha 9;;Hlavní město Praha;144/2, k.ú. Hrdlořezy;144/2, k.ú. Hrdlořezy 144/2, k.ú. Hrdlořezy;16461;69;13;3;Přípoj na kanalizační síť;Bez plynu;S vodovodem;Praha;Praha 9;Česká republika;budova s číslem popisným;S výtahem;4141;Centrální dálkové (kotel mimo stavbu);bytový dům;50.0938074516606;14.498171804646011;1043061.54;737261.02;Hrdlořezy;419
;;;;;;;;;;;;;;;;;;Seznam adresních míst;Benešova 1273/1;18.12.2020;Monolit;;B;;103680217;Hlubočepy;Hlavní město Praha;;321129;Praha 5;;Hlavní město Praha;Praha;55000;Praha 5;;Hlavní město Praha;1798/747, k.ú. Hlubočepy;1798/747, k.ú. Hlubočepy 1798/747, k.ú. Hlubočepy;8473;21;9;4;Přípoj na kanalizační síť;Bez plynu;S vodovodem;Praha;Praha 5;Česká republika;budova s číslem popisným;S výtahem;4038;Centrální dálkové (kotel mimo stavbu);bytový dům;50.02807261470189;14.36599277453208;1049015.64;747632.29;Hlubočepy;1273
;;;;;;;;;;;;;;;;;;Seznam adresních míst;;21.05.2018;Stěnové panely;;C;;94161828;Střížkov;Hlavní město Praha;;;Praha 9;;Hlavní město Praha;Praha;35785;Praha 9;;Hlavní město Praha;515/713, k.ú. Střížkov;515/713, k.ú. Střížkov 515/713, k.ú. Střížkov;3497;65;8;0;Přípoj na kanalizační síť;Bez plynu;S vodovodem;Praha;Praha 9;Česká republika;budova s číslem popisným;S výtahem;866;Centrální dálkové  -  uhlí;bytový dům;50.129855255301045;14.49305405698976;1039039.61;737081.07;Střížkov;624
;;;;;;;;;;;;;;;;;;Seznam adresních míst;;Nezjištěno;Stěnové panely - beton a železobeton;;B;;50421085;Vysočany;Hlavní město Praha;;;Praha 9;;Hlavní město Praha;Praha;75850;Praha 9;;Hlavní město Praha;1207/62, k.ú. Vysočany;1207/62, k.ú. Vysočany 1207/62, k.ú. Vysočany;15387;204;6;0;Přípoj na kanalizační síť;Bez plynu;S vodovodem;Praha;Praha 9;Česká republika;budova s číslem popisným;S výtahem;2749;Centrální dálkové - jiné;bytový dům;50.11122157536916;14.510677732479886;1041263.49;736112.7;Vysočany;1032
;;;;;;;;;;;;;;;;;;Seznam adresních míst;;19.04.2024;Monolit;;B;;147758858;Bubeneč;Hlavní město Praha;;;Praha 6;;Hlavní město Praha;Praha;71860;Praha 6;;Hlavní město Praha;1104/1, k.ú. Bubeneč;1104/1, k.ú. Bubeneč 1104/1, k.ú. Bubeneč;9984;92;11;0;Přípoj na kanalizační síť;Bez plynu;S vodovodem;Praha;Praha 6;Česká republika;budova s číslem popisným;S výtahem;3145;Centrální dálkové (kotel mimo stavbu);bytový dům;50.10165203180674;14.396028517734178;1041203.44;744382.21;Bubeneč;1145
;;;;;;;;;;;;;;;;;;Seznam adresních míst;Přemyslova 1042;31.12.1980;Stěnové panely;;C;;6192963;Lobeč;Středočeský kraj;;70862;;;Kralupy nad Vltavou;Kralupy nad Vltavou;;;Mělník;Kralupy nad Vltavou;st. 503, k.ú. Lobeč;st. 503, k.ú. Lobeč st. 503, k.ú. Lobeč;;21;8;3;Přípoj na kanalizační síť;Plyn z veřejné sítě;S vodovodem;Střední Čechy;;Česká republika;budova s číslem popisným;S výtahem;741;Centrální dálkové (kotel mimo stavbu);bytový dům;50.24059403967092;14.305444003996298;1025008.07;748670.74;Kralupy nad Vltavou;1040, 1041, 1042
;;;;;;;;;;;;;;;;;;Seznam adresních míst;Pechmanových 1031/8;13.06.2022;Monolit;;B;;115361413;Vysočany;Hlavní město Praha;;331440;Praha 9;;Hlavní město Praha;Praha;144500;Praha 9;;Hlavní město Praha;1123/1, k.ú. Vysočany;1123/1, k.ú. Vysočany 1123/1, k.ú. Vysočany;15388;64;15;3;Přípoj na kanalizační síť;Bez plynu;S vodovodem;Praha;Praha 9;Česká republika;budova s číslem popisným;S výtahem;6850;Centrální dálkové  -  uhlí;bytový dům;50.10956816348576;14.513563734392108;1041473.59;735933.02;Vysočany;1031
;;;;;;;;;;;;;;;;;;Seznam adresních míst;Granitova 1115/2;30.09.2017;Jiné materiály a kombinace;;B;;92407005;Hloubětín;Hlavní město Praha;;294858;Praha 9;;Hlavní město Praha;Praha;50360;Praha 9;;Hlavní město Praha;1629/12, k.ú. Hloubětín;1629/12, k.ú. Hloubětín 1629/12, k.ú. Hloubětín;16415;37;8;4;Přípoj na kanalizační síť;Bez plynu;S vodovodem;Praha;Praha 9;Česká republika;budova s číslem popisným;S výtahem;2212;Centrální dálkové  -  uhlí;bytový dům;50.108698233451136;14.52682854887784;1041697.56;735005.98;Hloubětín;1115
;;;;;;;;;;;;;;;;;;Seznam adresních míst;Chlebovická 499;31.12.1990;Stěnové panely;;C;;22309748;Letňany;Hlavní město Praha;;2687;Praha 18;;Hlavní město Praha;Praha;;Praha 9;;Hlavní město Praha;629/71, k.ú. Letňany;629/71, k.ú. Letňany 629/71, k.ú. Letňany;;23;1;4;Přípoj na kanalizační síť;Plyn z veřejné sítě;S vodovodem;Praha;Praha 18;Česká republika;budova s číslem popisným;S výtahem;822;Centrální dálkové (kotel mimo stavbu);bytový dům;50.13194858088275;14.50969761468838;1038969.88;735870.59;Letňany;496, 497, 498, 499
;;;;;;;;;;;;;;;;;;Seznam adresních míst;;03.07.2025;Stěnové panely - beton a železobeton;;B;;151807809;Nusle;Hlavní město Praha;;;Praha 4;;Hlavní město Praha;Praha;15772;Praha 4;;Hlavní město Praha;432/4, k.ú. Nusle;432/4, k.ú. Nusle 432/4, k.ú. Nusle;1920;36;7;0;Přípoj na kanalizační síť;Bez plynu;S vodovodem;Praha;Praha 4;Česká republika;budova s číslem popisným;S výtahem;736;Centrální dálkové- zemní plyn;bytový dům;50.061204303249816;14.451661570915123;1046202.72;741050.94;Nusle;1761
;;;;;;;;;;;;;;;;;;Seznam adresních míst;;11.02.2020;Jiné materiály a kombinace;;B;;100450539;Letňany;Hlavní město Praha;;;Praha 18;;Hlavní město Praha;Praha;17310;Praha 9;;Hlavní město Praha;760/349, k.ú. Letňany;760/349, k.ú. Letňany 760/349, k.ú. Letňany;4367;77;12;0;Přípoj na kanalizační síť;Bez plynu;S vodovodem;Praha;Praha 18;Česká republika;budova s číslem popisným;S výtahem;983;Centrální dálkové - jiné;bytový dům;50.140722736800726;14.519622348628742;1038098.79;735035.78;Letňany;896
;;;;;;;;;;;;;;;;;;Seznam adresních míst;;31.12.1919;Kámen, cihly, tvárnice vč. kombinací;;E;;21920109;Smíchov;Hlavní město Praha;;;Praha 5;;Hlavní město Praha;Praha;7007;Praha 5;;Hlavní město Praha;139, k.ú. Smíchov;139, k.ú. Smíchov 139, k.ú. Smíchov;304;16;4;0;Přípoj na kanalizační síť;Plyn z veřejné sítě;S vodovodem;Praha;Praha 5;Česká republika;budova s číslem popisným;Bez výtahu;319;Lokální (kamna nebo jiné topidlo v bytě);bytový dům;50.07648279985188;14.407106440725075;1044084.81;743979.29;Smíchov;1023
;;;;;;;;;;;;;;;;;;Seznam adresních míst;;03.12.2018;Jiné materiály a kombinace;;B;;96105381;Letňany;Hlavní město Praha;;;Praha 18;;Hlavní město Praha;Praha;23460;Praha 9;;Hlavní město Praha;760/327, k.ú. Letňany;760/327, k.ú. Letňany 760/327, k.ú. Letňany;61193;102;6;0;Přípoj na kanalizační síť;Bez plynu;S vodovodem;Praha;Praha 18;Česká republika;budova s číslem popisným;S výtahem;1346;Centrální dálkové - jiné;bytový dům;50.14035991687803;14.519229252539542;1038134.98;735069.07;Letňany;883
;;;;;;;;;;;;;;;;;;Seznam adresních míst;Nepomuckých 766/10;22.10.2014;Jiné materiály a kombinace;;B;;78755492;Letňany;Hlavní město Praha;;275756;Praha 18;;Hlavní město Praha;Praha;25479;Praha 9;;Hlavní město Praha;470/280, k.ú. Letňany;470/280, k.ú. Letňany 470/280, k.ú. Letňany;6128;24;5;4;Přípoj na kanalizační síť;Bez plynu;S vodovodem;Praha;Praha 18;Česká republika;budova s číslem popisným;S výtahem;7832;Centrální dálkové - jiné;bytový dům;50.13779777295678;14.521215821498712;1038436.51;734966.84;Letňany;766
;;;;;;;;;;;;;;;;;;Seznam adresních míst;Fafkových 1058/2;16.10.2024;Monolit;;A;;149447965;Vysočany;Hlavní město Praha;;401716;Praha 9;;Hlavní město Praha;Praha;49794;Praha 9;;Hlavní město Praha;1123/20, k.ú. Vysočany;1123/20, k.ú. Vysočany 1123/20, k.ú. Vysočany;11091;82;10;2;Přípoj na kanalizační síť;Bez plynu;S vodovodem;Praha;Praha 9;Česká republika;budova s číslem popisným;S výtahem;1781;Centrální dálkové- zemní plyn;bytový dům;50.10966668029707;14.514097380115693;1041467.89;735893.72;Vysočany;1058
;;;;;;;;;;;;;;;;;;Seznam adresních míst;Českodubská 787;19.11.2008;Kámen, cihly, tvárnice vč. kombinací;;C;;27138208;Vinoř;Hlavní město Praha;;80330;Praha-Vinoř;;Hlavní město Praha;Praha;19498;Praha 9;;Hlavní město Praha;1577/98, k.ú. Vinoř;1577/98, k.ú. Vinoř 1577/98, k.ú. Vinoř;4616;28;5;2;Přípoj na kanalizační síť;Plyn z veřejné sítě;S vodovodem;Praha;Praha 19;Česká republika;budova s číslem popisným;S výtahem;1460;Centrální domovní (kotel ve stavbě);bytový dům;50.14273712001081;14.57512762493023;1038411.02;731074.31;Vinoř;787, 788
;;;;;;;;;;;;;;;;;;Seznam adresních míst;;31.12.1919;Kámen, cihly, tvárnice vč. kombinací;;F;;22935703;Nová Ulice;Olomoucký kraj;;;;;Olomouc;Olomouc;;;Olomouc;Olomouc;st. 408, k.ú. Nová Ulice;st. 408, k.ú. Nová Ulice st. 408, k.ú. Nová Ulice;;9;4;0;Přípoj na kanalizační síť;Plyn z veřejné sítě;S vodovodem;Střední Morava;;Česká republika;budova s číslem popisným;Bez výtahu;293;Lokální (kamna nebo jiné topidlo v bytě);bytový dům;49.59647962351456;17.238187575293548;1121083.98;548052.85;Nová Ulice;346
;;;;;;;;;;;;;;;;;;Seznam adresních míst;Mattioliho 3274/7;20.03.2008;Jiné materiály a kombinace;;C;;26931338;Záběhlice;Hlavní město Praha;;304256;Praha 10;;Hlavní město Praha;Praha;122175;Praha 10;;Hlavní město Praha;669/121, k.ú. Záběhlice;669/121, k.ú. Záběhlice 669/121, k.ú. Záběhlice;29400;37;12;4;Přípoj na kanalizační síť;Bez plynu;S vodovodem;Praha;Praha 10;Česká republika;budova s číslem popisným;S výtahem;4525;Centrální dálkové (kotel mimo stavbu);bytový dům;50.05225001895703;14.514471212797233;1047798.87;736729.91;Záběhlice;3274
;;;;;;;;;;;;;;;;;;Seznam adresních míst;Novovysočanská 2509/3d;09.09.2019;Monolit;;B;;98571931;Libeň;Hlavní město Praha;;306412;Praha 9;;Hlavní město Praha;Praha;57000;Praha 9;;Hlavní město Praha;4036/18, k.ú. Libeň;4036/18, k.ú. Libeň 4036/18, k.ú. Libeň;11461;25;8;5;Přípoj na kanalizační síť;Plyn z veřejné sítě;S vodovodem;Praha;Praha 9;Česká republika;budova s číslem popisným;S výtahem;5206;Centrální domovní- zemní plyn;bytový dům;50.09926200138349;14.482406220081732;1042307.73;738296.44;Libeň;2509
;;;;;;;;;;;;;;;;;;Seznam adresních míst;;09.12.2011;Jiné materiály a kombinace;;A;;50743465;Háje;Hlavní město Praha;;;Praha 11;;Hlavní město Praha;Praha;4776;Praha 4;;Hlavní město Praha;583/131, k.ú. Háje;583/131, k.ú. Háje 583/131, k.ú. Háje;1289;14;5;0;Přípoj na kanalizační síť;Plyn z veřejné sítě;S vodovodem;Praha;Praha 11;Česká republika;budova s číslem popisným;S výtahem;371;Centrální dálkové (kotel mimo stavbu);bytový dům;50.02462845553477;14.527595431276236;1050969.72;736213.15;Háje;973
;;;"Základní bodové pole - značka bodu; Značka bodu ZVBP";;;;;;;;;;;;;;;Seznam adresních míst;Českomoravská 2517/13b;13.11.2020;Monolit;;B;;103522981;Libeň;Hlavní město Praha;Typ;320845;Praha 9;;Hlavní město Praha;Praha;79843;Praha 9;;Hlavní město Praha;3340/3, k.ú. Libeň;3340/3, k.ú. Libeň 3340/3, k.ú. Libeň;22488;0;1;6;Přípoj na kanalizační síť;Plyn z veřejné sítě;S vodovodem;Praha;Praha 9;Česká republika;budova s číslem popisným;S výtahem;2353;Centrální dálkové  -  uhlí;bytový dům;50.10388292304902;14.488481024954044;1041857.4;737796.24;Libeň;2517
;;;;;;;;;;;;;;;;;;Seznam adresních míst;Kabešova 943/2;12.11.2008;;;C;;27138542;Vysočany;Hlavní město Praha;;57531;Praha 9;;Hlavní město Praha;Praha;;Praha 9;;Hlavní město Praha;991/146, k.ú. Vysočany;991/146, k.ú. Vysočany 991/146, k.ú. Vysočany;;88;15;16;;Plyn z veřejné sítě;S vodovodem;Praha;Praha 9;Česká republika;budova s číslem popisným;Bez výtahu;825;Centrální dálkové (kotel mimo stavbu);bytový dům;50.103844343704665;14.508691145657318;1042057.26;736364.39;Vysočany;943
;;;;;;;;;;;;;;;;;;Seznam adresních míst;;31.12.1903;Kámen, cihly, tvárnice vč. kombinací;;E;;21685819;Vinohrady;Hlavní město Praha;;;Praha 2;;Hlavní město Praha;Praha;;Praha 2;;Hlavní město Praha;1449, k.ú. Vinohrady;1449, k.ú. Vinohrady 1449, k.ú. Vinohrady;;14;7;0;Přípoj na kanalizační síť;Plyn z veřejné sítě;S vodovodem;Praha;Praha 2;Česká republika;budova s číslem popisným;S výtahem;420;Lokální (kamna nebo jiné topidlo v bytě);bytový dům;50.07124500269354;14.44298905509619;1045011.94;741514.19;Vinohrady;1272
;;;;;;;;;;Chráněná krajinná oblast;;;"Zóna CHKO; IV. zóna";;;;;Seznam adresních míst;;31.12.1970;Kámen, cihly, tvárnice vč. kombinací;;E;;13955501;Vrbno pod Pradědem;Moravskoslezský kraj;Typ;;;;Bruntál;Vrbno pod Pradědem;;;Bruntál;Vrbno pod Pradědem;1229, k.ú. Vrbno pod Pradědem;1229, k.ú. Vrbno pod Pradědem 1229, k.ú. Vrbno pod Pradědem;;11;4;0;Přípoj na kanalizační síť;Plyn z veřejné sítě;S vodovodem;Moravskoslezsko;;Česká republika;budova s číslem popisným;Bez výtahu;203;Centrální dálkové (kotel mimo stavbu);bytový dům;50.118935636797175;17.382826034758104;1064276.84;531994.3;Vrbno pod Pradědem;424
;;;;;;;;;Chráněná krajinná oblast;;;;;"Zóna CHKO; IV. zóna";;;;Seznam adresních míst;;31.12.1945;Kámen, cihly, tvárnice vč. kombinací;;F;;17774098;Střekov;Ústecký kraj;Typ;;Ústí nad Labem-Střekov;;Ústí nad Labem;Ústí nad Labem;;;Ústí nad Labem;Ústí nad Labem;3918/1, k.ú. Střekov;3918/1, k.ú. Střekov 3918/1, k.ú. Střekov;;7;4;0;Přípoj na kanalizační síť;Bez plynu;S vodovodem;Severozápad;;Česká republika;budova s číslem popisným;Bez výtahu;233;Lokální (kamna nebo jiné topidlo v bytě);objekt k bydlení;50.63730696360657;14.050382680669;978785.48;760454.82;Střekov;1043
;;;;;;;;;;;;;;;;;;Seznam adresních míst;;31.12.1960;Kámen, cihly, tvárnice vč. kombinací;;F;;16754581;Štětí I;Ústecký kraj;;;;;Litoměřice;Štětí;8000;;Litoměřice;Štětí;427/1, k.ú. Štětí I;427/1, k.ú. Štětí I 427/1, k.ú. Štětí I;1580;28;3;0;Přípoj na kanalizační síť;Bez plynu;S vodovodem;Severozápad;;Česká republika;budova s číslem popisným;Bez výtahu;655;Centrální dálkové (kotel mimo stavbu);bytový dům;50.452160666078846;14.379358679862406;1002421.76;740227.47;Štětí;495
;;;;;;;;;;;;;;;;;;Seznam adresních míst;G. Preissové 3472/6;31.12.1980;Kámen, cihly, tvárnice vč. kombinací;;D;;22841628;Hodonín;Jihomoravský kraj;;42769;;;Hodonín;Hodonín;;;Hodonín;Hodonín;st. 5803/2, k.ú. Hodonín;st. 5803/2, k.ú. Hodonín st. 5803/2, k.ú. Hodonín;;6;3;2;Přípoj na kanalizační síť;Plyn z veřejné sítě;S vodovodem;Jihovýchod;;Česká republika;budova s číslem popisným;S výtahem;362;Lokální (kamna nebo jiné topidlo v bytě);bytový dům;48.857558696163004;17.131172345718525;1202064.88;564018.15;Hodonín;3472, 3473
;;;;;;;;;;;;;;;;;;Seznam adresních míst;;Nezjištěno;Cihly, tvárnice, cihlové bloky;;D;;24621811;Hodonín;Jihomoravský kraj;;;;;Hodonín;Hodonín;2195;;Hodonín;Hodonín;st. 803, k.ú. Hodonín;st. 803, k.ú. Hodonín st. 803, k.ú. Hodonín;507;7;2;0;Přípoj na kanalizační síť;Plyn z veřejné sítě;S vodovodem;Jihovýchod;;Česká republika;budova s číslem popisným;Bez výtahu;351;Centrální domovní (kotel ve stavbě);bytový dům;48.854505274191084;17.12654452027488;1202368.51;564390.17;Hodonín;1109
;;;;;;;;;;;;;;;;;;Seznam adresních míst;;31.12.1919;Kámen, cihly, tvárnice vč. kombinací;;E;;21922144;Smíchov;Hlavní město Praha;;;Praha 5;;Hlavní město Praha;Praha;;Praha 5;;Hlavní město Praha;571, k.ú. Smíchov;571, k.ú. Smíchov 571, k.ú. Smíchov;;27;6;0;Přípoj na kanalizační síť;Plyn z veřejné sítě;S vodovodem;Praha;Praha 5;Česká republika;budova s číslem popisným;S výtahem;458;Lokální (kamna nebo jiné topidlo v bytě);bytový dům;50.06515322852531;14.409948383595367;1045360.86;743949.75;Smíchov;1235
;;;;;;;;;;;;;;;;;;Seznam adresních míst;U Mlýnského kanálu 696/10;27.02.2019;Stěnové panely - beton a železobeton;;B;;96823399;Karlín;Hlavní město Praha;;302253;Praha 8;;Hlavní město Praha;Praha;62925;Praha 8;;Hlavní město Praha;889/254, k.ú. Karlín;889/254, k.ú. Karlín 889/254, k.ú. Karlín;17826;16;11;7;Přípoj na kanalizační síť;Bez plynu;S vodovodem;Praha;Praha 8;Česká republika;budova s číslem popisným;S výtahem;2752;Centrální dálkové - jiné;bytový dům;50.09575151098684;14.451907415551393;1042398.42;740511.25;Karlín;696
;;;;;;;;;;;;;;;;;;Seznam adresních míst;Naskové 1335/1o;25.09.2019;Monolit;;A;;99446944;Košíře;Hlavní město Praha;;308061;Praha 5;;Hlavní město Praha;Praha;95120;Praha 5;;Hlavní město Praha;1838/9, k.ú. Košíře;1838/9, k.ú. Košíře 1838/9, k.ú. Košíře;18800;32;7;7;Přípoj na kanalizační síť;Plyn z veřejné sítě;S vodovodem;Praha;Praha 5;Česká republika;budova s číslem popisným;S výtahem;3392;Centrální domovní (kotel ve stavbě);bytový dům;50.06170827136387;14.361342218631378;1045264.36;747449.39;Košíře;1335
;;;;;;;;;;;Chráněná krajinná oblast;;;;"Zóna CHKO; III. zóna";;;Seznam adresních míst;;31.12.1919;Kámen, cihly, tvárnice vč. kombinací;;E;;20494645;Karlovy Vary;Karlovarský kraj;Typ;;;;Karlovy Vary;Karlovy Vary;;;Karlovy Vary;Karlovy Vary;1453, k.ú. Karlovy Vary;1453, k.ú. Karlovy Vary 1453, k.ú. Karlovy Vary;;11;5;0;Přípoj na kanalizační síť;Plyn z veřejné sítě;S vodovodem;Severozápad;;Česká republika;budova s číslem popisným;Bez výtahu;184;Lokální (kamna nebo jiné topidlo v bytě);bytový dům;50.22671543543607;12.88241262938814;1011582.12;849309.81;Karlovy Vary;113
;;;;;;;;;;;;;;;;;;Seznam adresních míst;Sokolovská 1573;31.12.1960;Kámen, cihly, tvárnice vč. kombinací;;F;;20560371;Sokolov;Karlovarský kraj;;23818;;;Sokolov;Sokolov;;;Sokolov;Sokolov;1719, k.ú. Sokolov;1719, k.ú. Sokolov 1719, k.ú. Sokolov;;15;6;3;Přípoj na kanalizační síť;Plyn z veřejné sítě;S vodovodem;Severozápad;;Česká republika;budova s číslem popisným;Bez výtahu;609;Centrální dálkové (kotel mimo stavbu);bytový dům;50.17697542491023;12.664703025586787;1014586.37;865531.28;Sokolov;1572, 1573, 1574
;;;;;;;;;;;Chráněná krajinná oblast;;;;"Zóna CHKO; III. zóna";;;Seznam adresních míst;;31.12.1945;Kámen, cihly, tvárnice vč. kombinací;;E;;20688083;Mariánské Lázně;Karlovarský kraj;Typ;;;;Mariánské Lázně;Mariánské Lázně;;;Cheb;Mariánské Lázně;st. 477/3, k.ú. Mariánské Lázně;st. 477/3, k.ú. Mariánské Lázně st. 477/3, k.ú. Mariánské Lázně;;24;4;0;Přípoj na kanalizační síť;Plyn z veřejné sítě;S vodovodem;Severozápad;;Česká republika;budova s číslem popisným;Bez výtahu;467;Lokální (kamna nebo jiné topidlo v bytě);bytový dům;49.957034990703086;12.6967741723933;1039101.9;867163.92;Mariánské Lázně;462
;;;;;;;;;;;;;;;;;;Seznam adresních míst;;31.12.2002;Kámen, cihly, tvárnice vč. kombinací;;F;;18295959;Strakonice;Jihočeský kraj;;;;;Strakonice;Strakonice;;;Strakonice;Strakonice;st. 542, k.ú. Strakonice;st. 542, k.ú. Strakonice st. 542, k.ú. Strakonice;;16;5;0;Přípoj na kanalizační síť;Plyn z veřejné sítě;S vodovodem;Jihozápad;;Česká republika;budova s číslem popisným;Bez výtahu;493;Lokální (kamna nebo jiné topidlo v bytě);bytový dům;49.264685433456755;13.904182409921521;1128405.0;792547.28;Strakonice I;425
;;;;;;;;;;;;;;;;;;Seznam adresních míst;Trnovanská 1324/55;23.09.1970;;;A;;20005849;Teplice-Trnovany;Ústecký kraj;;21436;;;Teplice;Teplice;;;Teplice;Teplice;2250/10, k.ú. Teplice-Trnovany;2250/10, k.ú. Teplice-Trnovany 2250/10, k.ú. Teplice-Trnovany;;23;8;11;;Plyn z veřejné sítě;S vodovodem;Severozápad;;Česká republika;budova s číslem popisným;S výtahem;243;Centrální dálkové (kotel mimo stavbu);bytový dům;50.64383920732293;13.85531132899321;976099.94;774008.72;Trnovany;1320, 1321, 1322, 1323, 1324, 1325, 1326, 1327, 1328, 1329, 1330
